nm,d,D,rho,t
1,2,8515,1.2213827230,4.61
2,4,33930,1.2248286548,4.60
3,6,76245,1.2249651873,1.25
4,8,135460,1.2253307880,5.27
6,12,304590,1.2253906965,22.72
8,16,541320,1.2254266087,34.77
12,24,1217580,1.2254476135,77.18
16,32,2164240,1.2254511361,133.87
